{"dg_x": {"0": [1.3166239808145145e-09, 1.3923833021809526e-09, 1.4975084355106718e-09, 1.6872367450160144e-09, 1.5871195705059991e-09, 1.3568243247838296e-09, 1.2939768706802231e-09, 1.311598454651446e-09, 1.193294196365718e-09, 9.659166520654333e-10, 9.00813775773327e-10, 9.370801040349151e-10, 9.727269404034024e-10, 9.39753703646502e-10, 9.073815645109564e-10, 6.236119566397274e-10, 6.566445964486608e-10, 6.53316094052752e-10, 3.8926383694843875e-10, 4.1298659959824726e-10, 4.475816713506077e-10, 4.817859545095967e-10, 5.908457842990794e-10, 1.0892673524712537e-09], "2": [4.1869823478751376e-11, 4.45622550639149e-11, 4.832412078417378e-11, 5.506686143340295e-11, 5.151587166045969e-11, 4.330750675457852e-11, 4.0392170810420584e-11, 3.9138097986151446e-11, 3.4620686013702416e-11, 2.6639032042778978e-11, 2.4357836637475794e-11, 2.3246595466617717e-11, 2.436789418567578e-11, 2.3349730677040253e-11, 2.23277208090328e-11, 1.5602636595422848e-11, 1.6879804374471162e-11, 1.6769035175305013e-11, 1.1020932008189603e-11, 1.0337981319954562e-11, 1.1764521589999488e-11, 1.521049815213935e-11, 1.984589158716189e-11, 3.3701443281144147e-11], "4": [7.0144816317088265e-12, 6.978934611728376e-12, 7.004954446424568e-12, 7.016073156492114e-12, 7.015010309077445e-12, 7.01282625914962e-12, 7.015548771763924e-12, 1.1106230770148362e-12, 3.2854880795600553e-12, 2.041739869769396e-12, 1.6068579173982864e-12, 1.3610190123061371e-11, 1.4462982277065264e-11, 1.3552568967408886e-11, 1.2692217160730181e-11, 1.1893249989513186e-11, 1.2864057617855116e-11, 1.2800520565586923e-11, 0.0, 0.0, 0.0, 7.01489564374922e-12, 7.017278805248319e-12, 7.013897456567027e-12]}, "Qdg": {"0": [4.220101628305842e-09, 4.560262015640415e-09, 5.053026159778131e-09, 5.998846459144843e-09, 5.490829518527809e-09, 4.399274793406758e-09, 4.19885617939975e-09, 4.15724979610531e-09, 3.633612330797048e-09, 2.7431676818275623e-09, 2.5103190729803047e-09, 2.553802221418781e-09, 2.679947044660623e-09, 2.5695407576813994e-09, 2.4634498135654938e-09, 1.8601207364767588e-09, 1.9555730508902286e-09, 1.949674054295508e-09, 1.2993488648868546e-09, 1.3448313185934725e-09, 1.4343279338875018e-09, 1.5435611771390812e-09, 1.8540642959270723e-09, 3.2726177282049335e-09], "2": [1.4262136012783961e-09, 1.5178353081595043e-09, 1.650644618406787e-09, 1.9012127328604785e-09, 1.7672768506673455e-09, 1.474876163151617e-09, 1.4028134381023547e-09, 1.3197537779424374e-09, 1.1704479321853493e-09, 9.34605597045082e-10, 8.719401253137486e-10, 8.14440856750074e-10, 8.437632645071218e-10, 8.191713314807533e-10, 7.948615894454644e-10, 7.433979535473703e-10, 7.72795028066045e-10, 7.718198818924804e-10, 6.910085105172374e-10, 6.611648719036187e-10, 6.934951121752659e-10, 7.923886237200702e-10, 9.102204966500389e-10, 1.1646140385812856e-09], "4": [4.912348064024477e-10, 4.89230035248646e-10, 4.883638081600424e-10, 4.859663832331512e-10, 4.873453766906601e-10, 4.90593178851211e-10, 5.01166755163707e-10, 3.5781920898981814e-10, 4.0188460444651495e-10, 3.7636155171631835e-10, 3.6758007143766993e-10, 6.3134728283096e-10, 6.540231411653525e-10, 6.31431390300556e-10, 6.105353132584737e-10, 6.938606693917107e-10, 7.183164689959745e-10, 7.182902467965058e-10, 2.60001388008566e-10, 3.6755850732339093e-10, 3.7260480469321333e-10, 6.008089596425123e-10, 5.872636279577432e-10, 4.949192312929169e-10]}, "cons_x": {"1": [0.9960583176295433, 0.9960583177234668, 0.9960583177438758, 0.9960583176446677, 0.9960583176485941, 0.9960583177004487, 0.9960583177043496, 0.9960583176579009, 0.9960583177251294, 0.9960583176790242, 0.9960583177660104, 0.9960583176985858, 0.9960583177709121, 0.9960583177516255, 0.9960583177210306, 0.9960583176915421, 0.9960583177468055, 0.9960583177347153, 0.9960583177438332, 0.9960583177312026, 0.9960583176907338, 0.9960583177587666, 0.9960583176805039, 0.9960583177331446], "2": [0.993786968210236, 0.9937869683480943, 0.9937869682769207, 0.9937869683468605, 0.9937869683173209, 0.9937869683862283, 0.9937869682565247, 0.993786968355158, 0.9937869683688487, 0.993786968383379, 0.9937869683951145, 0.9937869683883735, 0.9937869683977266, 0.9937869683373995, 0.9937869684287363, 0.9937869683353867, 0.993786968399334, 0.9937869683638135, 0.9937869684212092, 0.9937869683631777, 0.9937869682808437, 0.9937869683141686, 0.9937869683336673, 0.9937869683158647], "3": [0.9955242921573016, 0.9955242920443491, 0.9955242920522761, 0.9955242921197183, 0.9955242920379331, 0.9955242920999255, 0.9955242921404681, 0.9955242921030043, 0.9955242921275739, 0.9955242921620633, 0.9955242921231908, 0.9955242921099487, 0.9955242921817963, 0.9955242921058883, 0.9955242921872013, 0.9955242921490128, 0.9955242921077581, 0.9955242921437413, 0.9955242922218168, 0.995524292173744, 0.9955242922188947, 0.995524292130077, 0.995524292177391, 0.9955242922154076], "4": [0.9962786249719758, 0.9962786249736711, 0.996278624872994, 0.996278624887162, 0.9962786248304402, 0.9962786248861946, 0.9962786248109621, 0.9962786249686468, 0.996278624866873, 0.9962786249225014, 0.9962786248673867, 0.9962786249392196, 0.9962786248854907, 0.9962786249427085, 0.9962786249853308, 0.9962786249055652, 0.9962786248936465, 0.9962786248811448, 0.9962786249352215, 0.9962786249429125, 0.9962786249139983, 0.9962786248753235, 0.9962786249607529, 0.9962786249324688], "5": [0.9962796967145435, 0.9962796967121869, 0.9962796967243646, 0.9962796967848468, 0.9962796967504307, 0.9962796967944977, 0.9962796966732852, 0.9962796967061951, 0.9962796967492267, 0.9962796967428772, 0.9962796967174528, 0.9962796967313263, 0.9962796967444018, 0.9962796967548817, 0.9962796967250679, 0.9962796967922859, 0.9962796967534451, 0.9962796968117319, 0.9962796967998123, 0.9962796967740757, 0.9962796967286638, 0.996279696720187, 0.9962796967499136, 0.9962796967893586], "6": [0.9953553064787397, 0.9953553063128796, 0.995355306480789, 0.9953553063276684, 0.9953553062873739, 0.9953553063533532, 0.9953553063699198, 0.9953553064042955, 0.9953553063656845, 0.9953553064917159, 0.9953553063886447, 0.9953553063822405, 0.995355306412212, 0.9953553064913682, 0.9953553064312364, 0.9953553063732986, 0.9953553063871441, 0.9953553063835493, 0.9953553064071538, 0.9953553064403028, 0.995355306417371, 0.9953553064431292, 0.9953553064252255, 0.9953553064839602], "7": [0.9960571144554418, 0.9960571145102283, 0.996057114414816, 0.9960571144323934, 0.996057114464761, 0.9960571145168529, 0.9960571144000135, 0.9960571145445549, 0.996057114494433, 0.9960571144550132, 0.9960571145470073, 0.9960571145514591, 0.9960571145087561, 0.9960571144954121, 0.9960571145438851, 0.9960571144653779, 0.9960571145663626, 0.9960571144997221, 0.9960571144816187, 0.9960571145254034, 0.9960571145132375, 0.996057114537978, 0.9960571144799822, 0.9960571144777103], "8": [0.9958599702016603, 0.9958599702304844, 0.9958599702785103, 0.9958599702778823, 0.9958599702055082, 0.9958599702592665, 0.9958599701556359, 0.9958599701336762, 0.9958599702955953, 0.995859970162443, 0.9958599701827462, 0.9958599702430078, 0.9958599701902997, 0.9958599701806086, 0.9958599702139083, 0.995859970245947, 0.9958599703112413, 0.9958599702008187, 0.9958599702966865, 0.9958599702488885, 0.9958599702572448, 0.9958599702514299, 0.9958599702892397, 0.9958599702584504], "9": [0.995874515192549, 0.995874515161075, 0.9958745151199899, 0.9958745151621926, 0.9958745152321358, 0.9958745151061635, 0.9958745151578631, 0.9958745152071323, 0.9958745152717582, 0.9958745151952021, 0.9958745152189326, 0.9958745152754056, 0.9958745151681503, 0.9958745151858821, 0.9958745152499379, 0.9958745151936108, 0.995874515220286, 0.9958745152676268, 0.9958745152382392, 0.9958745152345406, 0.9958745151968876, 0.9958745152776085, 0.9958745152803854, 0.995874515157968],