from_bus,to_bus,r_ohm_per_km,x_ohm_per_km,max_i_ka
0,1,1.48649,14.8649,1.00408742467761
0,3,1.60816,16.0816,99999.0
0,4,0.33856,3.3856,99999.0
1,2,0.57132,5.7132,99999.0
2,3,1.57113,15.7113,99999.0
3,4,1.57113,15.7113,0.60245245480657
