{"dg_x": {"1": [3.808521821185617e-07, 3.9618137130523705e-07, 4.175993417318984e-07, 4.5589269911498757e-07, 4.357400069303335e-07, 3.890472505334114e-07, 3.867673098789341e-07, 3.6600252880271574e-07, 3.3852260843110523e-07, 2.912811824066054e-07, 2.777336959085272e-07, 2.686116098846418e-07, 2.7531165037495396e-07, 2.6962792700095213e-07, 2.6412434251068007e-07, 2.5882430504675223e-07, 2.661678619327051e-07, 2.661346707619643e-07, 2.325570610541499e-07, 2.2903071018579635e-07, 2.3855089601785593e-07, 2.606329215241732e-07, 2.9061585018410015e-07, 3.3416368745958446e-07]}, "Qdg": {"1": [-2.222812095243197e-24, 3.8484254717080725e-24, 1.6284361104800272e-24, -3.498360782317147e-24, -5.349091174273072e-24, 2.5356971460082252e-24, 6.015675999059345e-24, 2.8614868459284273e-27, -3.2050561752847754e-25, 4.239703034066652e-24, 1.2626223203203642e-24, -3.773370049432142e-24, -6.325239475388386e-24, 3.1946127560591227e-24, -2.396854454883949e-24, -4.010343418064509e-24, 1.7423207798156786e-24, -4.600032116065009e-24, 1.1675023406599266e-24, 1.3706676137374065e-24, 2.4915886831351868e-24, 3.560934354945444e-24, 2.2540739106135282e-24, -5.8314340280394374e-24]}, "cons_x": {"1": [0.10000407552235553, 0.10000517914380254, 0.10000643005460673, 0.10000747812212706, 0.10000743740626829, 0.10000601371415492, 0.10000348785092576, 0.1000021104739876, 0.10000192824567664, 0.10000172290219196, 0.1000017802288557, 0.10000183546227016, 0.10000198068671524, 0.10000201707129434, 0.10000189165246806, 0.10000191419874259, 0.10000208550133398, 0.10000186866299748, 0.10000111864073459, 0.100000823054937, 0.10000087764356026, 0.10000095710861989, 0.10000141647195208, 0.10000253683860358], "2": [0.10000407551926525, 0.10000517913991136, 0.10000643004983949, 0.10000747811670713, 0.10000743740081215, 0.10000601370960303, 0.10000348784830156, 0.10000211047238981, 0.1000019282441775, 0.10000172290076828, 0.10000178022734928, 0.10000183546068954, 0.1000019806850273, 0.10000201706955666, 0.10000189165082363, 0.10000191419706024, 0.10000208549952413, 0.10000186866137988, 0.10000111863970546, 0.10000082305418295, 0.10000087764277422, 0.10000095710780271, 0.10000141647078824, 0.10000253683660616], "3": [0.10000407551926525, 0.10000517913991136, 0.10000643004983949, 0.10000747811670713, 0.10000743740081215, 0.10000601370960303, 0.10000348784830156, 0.10000211047238981, 0.1000019282441775, 0.10000172290076828, 0.10000178022734928, 0.10000183546068954, 0.1000019806850273, 0.10000201706955666, 0.10000189165082363, 0.10000191419706024, 0.10000208549952413, 0.10000186866137988, 0.10000111863970546, 0.10000082305418295, 0.10000087764277422, 0.10000095710780271, 0.10000141647078824, 0.10000253683660616], "4": [0.10000407551926525, 0.10000517913991136, 0.10000643004983949, 0.10000747811670713, 0.10000743740081215, 0.10000601370960303, 0.10000348784830156, 0.10000211047238981, 0.1000019282441775, 0.10000172290076828, 0.10000178022734928, 0.10000183546068954, 0.1000019806850273, 0.10000201706955666, 0.10000189165082363, 0.10000191419706024, 0.10000208549952413, 0.10000186866137988, 0.10000111863970546, 0.10000082305418295, 0.10000087764277422, 0.10000095710780271, 0.10000141647078824, 0.10000253683660616], "5": [0.10000407551926525, 0.10000517913991136, 0.10000643004983949, 0.10000747811670713, 0.10000743740081215, 0.10000601370960303, 0.10000348784830156, 0.10000211047238981, 0.1000019282441775, 0.10000172290076828, 0.10000178022734928, 0.10000183546068954, 0.1000019806850273, 0.10000201706955666, 0.10000189165082363, 0.10000191419706024, 0.10000208549952413, 0.10000186866137988, 0.10000111863970546, 0.10000082305418295, 0.10000087764277422, 0.10000095710780271, 0.10000141647078824, 0.10000253683660616], "6": [0.10000407551926525, 0.10000517913991136, 0.10000643004983949, 0.10000747811670713, 0.10000743740081215, 0.10000601370960303, 0.10000348784830156, 0.10000211047238981, 0.1000019282441775, 0.10000172290076828, 0.10000178022734928, 0.10000183546068954, 0.1000019806850273, 0.10000201706955666, 0.10000189165082363, 0.10000191419706024, 0.10000208549952413, 0.10000186866137988, 0.10000111863970546, 0.10000082305418295, 0.10000087764277422, 0.10000095710780271, 0.10000141647078824, 0.10000253683660616], "7": [0.10000407551926525, 0.10000517913991136, 0.10000643004983949, 0.10000747811670713, 0.10000743740081215, 0.10000601370960303, 0.10000348784830156, 0.10000211047238981, 0.1000019282441775, 0.10000172290076828, 0.10000178022734928, 0.10000183546068954, 0.1000019806850273, 0.10000201706955666, 0.10000189165082363, 0.10000191419706024, 0.10000208549952413, 0.10000186866137988, 0.10000111863970546, 0.10000082305418295, 0.10000087764277422, 0.10000095710780271, 0.10000141647078824, 0.10000253683660616], "8": [0.10000407551887897, 0.10000517913942496, 0.10000643004924359, 0.10000747811602964, 0.10000743740013013, 0.10000601370903404, 0.10000348784797354, 0.1000021104721901, 0.10000192824399011, 0.10000172290059033, 0.10000178022716097, 0.10000183546049196, 0.10000198068481629, 0.10000201706933944, 0.10000189165061808, 0.10000191419684994, 0.1000020854992979, 0.10000186866117769, 0.10000111863957681, 0.1000008230540887, 0.10000087764267598, 0.10000095710770056, 0.10000141647064276, 0.1000025368363565], "9": [0.10000407551887897, 0.10000517913942496, 0.10000643004924359, 0.10000747811602964, 0.10000743740013013, 0.10000601370903404, 0.10000348784797354, 0.1000021104721901, 0.10000192824399011, 0.10000172290059033, 0.10000178022716097, 0.10000183546049196, 0.10000198068481629, 0.10000201706933944, 0.10000189165061808, 0.10000191419684994, 0.1000020854992979, 0.10000186866117769, 0.10000111863957681, 0.1000008230540887, 0.10000087764267598, 0.10000095710770056, 0.10000141647064276, 0.1000025368363565], "10": [0.10000407551887897, 0.10000517913942496, 0.10000643004924359, 0.10000747811602964, 0.10000743740013013, 0.10000601370903404, 0.10000348784797354, 0.1000021104721901, 0.10000192824399011, 0.10000172290059033, 0.10000178022716097, 0.10000183546049196, 0.10000198068481629, 0.10000201706933944, 0.10000189165061808, 0.10000191419684994, 0.1000020854992979, 0.10000186866117769, 0.10000111863957681, 0.1000008230540887, 0.10000087764267598, 0.10000095710770056, 0.10000141647064276, 0.1000025368363565], "11": [0.10000407551887897, 0.10000517913942496, 0.10000643004924359, 0.10000747811602964, 0.10000743740013013, 0.10000601370903404, 0.10000348784797354, 0.1000021104721901, 0.10000192824399011, 0.10000172290059033, 0.10000178022716097, 0.10000183546049196, 0.10000198068481629, 0.10000201706933944, 0.10000189165061808, 0.10000191419684994, 0.1000020854992979, 0.10000186866117769, 0.10000111863957681, 0.1000008230540887, 0.10000087764267598, 0.10000095710770056, 0.10000141647064276, 0.1000025368363565], "12": [0.10000407551887897, 0.10000517913942496, 0.10000643004924359, 0.10000747811602964, 0.10000743740013013, 0.10000601370903404, 0.10000348784797354, 0.1000021104721901, 0.10000192824399011, 0.10000172290059033, 0.10000178022716097, 0.10000183546049196, 0.10000198068481629, 0.10000201706933944, 0.10000189165061808, 0.10000191419684994, 0.1000020854992979, 0.10000186866117769, 0.10000111863957681, 0.1000008230540887, 0.10000087764267598, 0.10000095710770056, 0.10000141647064276, 0.1000025368363565], "13": [0.10000407551887897, 0.10000517913942496, 0.10000643004924359, 0.10000747811602964, 0.10000743740013013, 0.10000601370903404, 0.10000348784797354, 0.1000021104721901, 0.10000192824399011, 0.10000172290059033, 0.10000178022716097, 0.10000183546049196, 0.10000198068481629, 0.10000201706933944, 0.10000189165061808, 0.10000191419684994, 0.1000020854992979, 0.10000186866117769, 0.10000111863957681, 0.1000008230540887, 0.10000087764267598, 0.10000095710770056, 0.10000141647064276, 0.1000025368363565],